{"lat":43.7,"lon":-79.42,"timezone":"America/Toronto","timezone_offset":-18000,"current":{"dt":1607457447,"sunrise":1607431154,"sunset":1607463644,"temp":1.56,"feels_like":-2.92,"pressure":1013,"humidity":50,"dew_point":-6.87,"uvi":0.38,"clouds":93,"visibility":10000,"wind_speed":2.29,"wind_deg":284,"weather":[{"id":804,"main":"Clouds","description":"overcast clouds","icon":"04d"}]},"daily":[{"dt":1607446800,"sunrise":1607431154,"sunset":1607463644,"temp":{"day":-0.22,"min":-4.11,"max":1.56,"night":0.77,"eve":0.35,"morn":-4.11},"feels_like":{"day":-4.6,"night":-5.22,"eve":-3.9,"morn":-9.34},"pressure":1014,"humidity":88,"dew_point":-6.82,"wind_speed":3.03,"wind_deg":319,"weather":[{"id":800,"main":"Clear","description":"clear sky","icon":"01d"}],"clouds":0,"pop":0,"uvi":1.21},{"dt":1607533200,"sunrise":1607517608,"sunset":1607550042,"temp":{"day":1.79,"min":0.37,"max":2.97,"night":1.93,"eve":2.64,"morn":0.58},"feels_like":{"day":-2.77,"night":-2.59,"eve":-2,"morn":-5.26},"pressure":1004,"humidity":96,"dew_point":1.34,"wind_speed":3.95,"wind_deg":251,"weather":[{"id":616,"main":"Snow","description":"rain and snow","icon":"13d"}],"clouds":100,"pop":0.66,"rain":0.36,"snow":1.34,"uvi":0.51},{"dt":1607619600,"sunrise":1607604061,"sunset":1607636443,"temp":{"day":3.66,"min":0.76,"max":4.5,"night":2.18,"eve":2.89,"morn":1.03},"feels_like":{"day":0.37,"night":-1.01,"eve":0.08,"morn":-3.17},"pressure":1020,"humidity":73,"dew_point":-2.22,"wind_speed":1.71,"wind_deg":263,"weather":[{"id":800,"main":"Clear","description":"clear sky","icon":"01d"}],"clouds":1,"pop":0,"uvi":1.34},{"dt":1607706000,"sunrise":1607690511,"sunset":1607722846,"temp":{"day":5.83,"min":1.9,"max":6.08,"night":5.55,"eve":5.82,"morn":1.92},"feels_like":{"day":1.85,"night":2.44,"eve":2.6,"morn":-1.48},"pressure":1014,"humidity":78,"dew_point":2.45,"wind_speed":3.36,"wind_deg":211,"weather":[{"id":804,"main":"Clouds","description":"overcast clouds","icon":"04d"}],"clouds":97,"pop":0,"uvi":1.17},{"dt":1607792400,"sunrise":1607776960,"sunset":1607809252,"temp":{"day":5.97,"min":4.64,"max":6.65,"night":6.65,"eve":6.49,"morn":4.64},"feels_like":{"day":3.43,"night":3.47,"eve":3.24,"morn":2.87},"pressure":1012,"humidity":94,"dew_point":5.11,"wind_speed":2.04,"wind_deg":111,"weather":[{"id":500,"main":"Rain","description":"light rain","icon":"10d"}],"clouds":100,"pop":1,"rain":1.82,"uvi":0.33},{"dt":1607878800,"sunrise":1607863407,"sunset":1607895660,"temp":{"day":1.41,"min":-1.34,"max":7.61,"night":-0.79,"eve":-1.34,"morn":7.61},"feels_like":{"day":-6.14,"night":-8.4,"eve":-8.33,"morn":3.15},"pressure":1004,"humidity":82,"dew_point":-5.05,"wind_speed":7.68,"wind_deg":287,"weather":[{"id":501,"main":"Rain","description":"moderate rain","icon":"10d"}],"clouds":96,"pop":1,"rain":18.42,"uvi":1},{"dt":1607965200,"sunrise":1607949852,"sunset":1607982071,"temp":{"day":2.27,"min":-0.84,"max":2.27,"night":-0.25,"eve":0.16,"morn":-0.5},"feels_like":{"day":-4.35,"night":-3.07,"eve":-4.11,"morn":-6.64},"pressure":1018,"humidity":76,"dew_point":-5.8,"wind_speed":6.32,"wind_deg":284,"weather":[{"id":803,"main":"Clouds","description":"broken clouds","icon":"04d"}],"clouds":58,"pop":0.29,"uvi":1},{"dt":1608051600,"sunrise":1608036295,"sunset":1608068484,"temp":{"day":2.26,"min":-0.25,"max":2.26,"night":1.26,"eve":1.57,"morn":-0.1},"feels_like":{"day":-3.45,"night":-4,"eve":-3.87,"morn":-3.88},"pressure":1016,"humidity":78,"dew_point":-4.18,"wind_speed":5.09,"wind_deg":211,"weather":[{"id":600,"main":"Snow","description":"light snow","icon":"13d"}],"clouds":100,"pop":0.2,"snow":0.18,"uvi":1}]}